{"mean": [0.6022350079517789, 0.5792814866226864, 0.5512296607568261], "std": [0.28245830236453007, 0.2810405720872965, 0.2845324386318461]}