{
    "mean": [
        0.290101,
        0.328081,
        0.286964
    ],
    "std": [
        0.182954,
        0.186566,
        0.184475
    ]
}